ERwin Property Ids,1075850516::User Formatted Name  [read only],0::Object Type  [read only],1073742125::Definition,1073742126::Name,1075849120::Generate As Udd,1075849148::Comments,1075849172::Physical Only,1075849173::Logical Only,1075849176::Physical Name,1075850186::Expression,1075850193::Dependent Objects  [read only],1075850516::User Formatted Name  [read only],1075850700::Persisted,1075850737::Schema,1075852278::Extended Notes Order  [read only],1075848986::Value,1075849458::Default Value,1075849712::Generate SQL 92 Format,1075849713::Is Detach,1075849717::Is Supplied,1075849718::System Generated,1075852160::Generate Using Bind,1075852278::Extended Notes Order  [read only],1075849458::Default Value,1075850516::User Formatted Name  [read only]
"1075839019::38","NULL",Default Value,"","NULL","","","true","false","NULL","","","NULL","","","","NULL","","","","","","","","","NULL"
"1075839019::39","USER",Default Value,"","USER","","","true","false","USER","","","USER","","","","USER","","","","","","","","","USER"
"1075839019::40","CURRENT_TIMESTAMP",Default Value,"","CURRENT_TIMESTAMP","","","true","false","CURRENT_TIMESTAMP","","","CURRENT_TIMESTAMP","","","","CURRENT_TIMESTAMP","","","","","","","","","CURRENT_TIMESTAMP"
"1075839019::41","CURRENT_USER",Default Value,"","CURRENT_USER","","","true","false","CURRENT_USER","","","CURRENT_USER","","","","CURRENT_USER","","","","","","","","","CURRENT_USER"
"1075839019::42","SESSION_USER",Default Value,"","SESSION_USER","","","true","false","SESSION_USER","","","SESSION_USER","","","","SESSION_USER","","","","","","","","","SESSION_USER"
"1075839019::43","SYSTEM_USER",Default Value,"","SYSTEM_USER","","","true","false","SYSTEM_USER","","","SYSTEM_USER","","","","SYSTEM_USER","","","","","","","","","SYSTEM_USER"
"1075839019::565","DF_AWBuildVersion_ModifiedDate",Default Value,"","DF_AWBuildVersion_ModifiedDate","","","","","DF_AWBuildVersion_ModifiedDate","","DF_AWBuildVersion_ModifiedDate","DF_AWBuildVersion_ModifiedDate","","dbo","","getdate()","","","","","","false","","","DF_AWBuildVersion_ModifiedDate"
"1075839019::590","DF_ErrorLog_ErrorTime",Default Value,"","DF_ErrorLog_ErrorTime","","","","","DF_ErrorLog_ErrorTime","","DF_ErrorLog_ErrorTime","DF_ErrorLog_ErrorTime","","dbo","","getdate()","","","","","","false","","","DF_ErrorLog_ErrorTime"
"1075839019::599","DF_Department_ModifiedDate",Default Value,"","DF_Department_ModifiedDate","","","","","DF_Department_ModifiedDate","","DF_Department_ModifiedDate","DF_Department_ModifiedDate","","HumanResources","","getdate()","","","","","","false","","","DF_Department_ModifiedDate"
"1075839019::631","DF_Employee_SalariedFlag",Default Value,"","DF_Employee_SalariedFlag","","","","","DF_Employee_SalariedFlag","","DF_Employee_SalariedFlag","DF_Employee_SalariedFlag","","HumanResources","","1","","","","","","false","","","DF_Employee_SalariedFlag"
"1075839019::635","DF_Employee_VacationHours",Default Value,"","DF_Employee_VacationHours","","","","","DF_Employee_VacationHours","","DF_Employee_VacationHours","DF_Employee_VacationHours","","HumanResources","","0","","","","","","false","","","DF_Employee_VacationHours"
"1075839019::639","DF_Employee_SickLeaveHours",Default Value,"","DF_Employee_SickLeaveHours","","","","","DF_Employee_SickLeaveHours","","DF_Employee_SickLeaveHours","DF_Employee_SickLeaveHours","","HumanResources","","0","","","","","","false","","","DF_Employee_SickLeaveHours"
"1075839019::641","DF_Employee_CurrentFlag",Default Value,"","DF_Employee_CurrentFlag","","","","","DF_Employee_CurrentFlag","","DF_Employee_CurrentFlag","DF_Employee_CurrentFlag","","HumanResources","","1","","","","","","false","","","DF_Employee_CurrentFlag"
"1075839019::643","DF_Employee_rowguid",Default Value,"","DF_Employee_rowguid","","","","","DF_Employee_rowguid","","DF_Employee_rowguid","DF_Employee_rowguid","","HumanResources","","newid()","","","","","","false","","","DF_Employee_rowguid"
"1075839019::645","DF_Employee_ModifiedDate",Default Value,"","DF_Employee_ModifiedDate","","","","","DF_Employee_ModifiedDate","","DF_Employee_ModifiedDate","DF_Employee_ModifiedDate","","HumanResources","","getdate()","","","","","","false","","","DF_Employee_ModifiedDate"
"1075839019::673","DF_EmployeeDepartmentHistory_ModifiedDate",Default Value,"","DF_EmployeeDepartmentHistory_ModifiedDate","","","","","DF_EmployeeDepartmentHistory_ModifiedDate","","DF_EmployeeDepartmentHistory_ModifiedDate","DF_EmployeeDepartmentHistory_ModifiedDate","","HumanResources","","getdate()","","","","","","false","","","DF_EmployeeDepartmentHistory_ModifiedDate"
"1075839019::698","DF_EmployeePayHistory_ModifiedDate",Default Value,"","DF_EmployeePayHistory_ModifiedDate","","","","","DF_EmployeePayHistory_ModifiedDate","","DF_EmployeePayHistory_ModifiedDate","DF_EmployeePayHistory_ModifiedDate","","HumanResources","","getdate()","","","","","","false","","","DF_EmployeePayHistory_ModifiedDate"
"1075839019::708","DF_JobCandidate_ModifiedDate",Default Value,"","DF_JobCandidate_ModifiedDate","","","","","DF_JobCandidate_ModifiedDate","","DF_JobCandidate_ModifiedDate","DF_JobCandidate_ModifiedDate","","HumanResources","","getdate()","","","","","","false","","","DF_JobCandidate_ModifiedDate"
"1075839019::723","DF_Shift_ModifiedDate",Default Value,"","DF_Shift_ModifiedDate","","","","","DF_Shift_ModifiedDate","","DF_Shift_ModifiedDate","DF_Shift_ModifiedDate","","HumanResources","","getdate()","","","","","","false","","","DF_Shift_ModifiedDate"
"1075839019::744","DF_Address_rowguid",Default Value,"","DF_Address_rowguid","","","","","DF_Address_rowguid","","DF_Address_rowguid","DF_Address_rowguid","","Person","","newid()","","","","","","false","","","DF_Address_rowguid"
"1075839019::746","DF_Address_ModifiedDate",Default Value,"","DF_Address_ModifiedDate","","","","","DF_Address_ModifiedDate","","DF_Address_ModifiedDate","DF_Address_ModifiedDate","","Person","","getdate()","","","","","","false","","","DF_Address_ModifiedDate"
"1075839019::768","DF_AddressType_rowguid",Default Value,"","DF_AddressType_rowguid","","","","","DF_AddressType_rowguid","","DF_AddressType_rowguid","DF_AddressType_rowguid","","Person","","newid()","","","","","","false","","","DF_AddressType_rowguid"
"1075839019::770","DF_AddressType_ModifiedDate",Default Value,"","DF_AddressType_ModifiedDate","","","","","DF_AddressType_ModifiedDate","","DF_AddressType_ModifiedDate","DF_AddressType_ModifiedDate","","Person","","getdate()","","","","","","false","","","DF_AddressType_ModifiedDate"
"1075839019::784","DF_BusinessEntity_rowguid",Default Value,"","DF_BusinessEntity_rowguid","","","","","DF_BusinessEntity_rowguid","","DF_BusinessEntity_rowguid","DF_BusinessEntity_rowguid","","Person","","newid()","","","","","","false","","","DF_BusinessEntity_rowguid"
"1075839019::786","DF_BusinessEntity_ModifiedDate",Default Value,"","DF_BusinessEntity_ModifiedDate","","","","","DF_BusinessEntity_ModifiedDate","","DF_BusinessEntity_ModifiedDate","DF_BusinessEntity_ModifiedDate","","Person","","getdate()","","","","","","false","","","DF_BusinessEntity_ModifiedDate"
"1075839019::799","DF_BusinessEntityAddress_rowguid",Default Value,"","DF_BusinessEntityAddress_rowguid","","","","","DF_BusinessEntityAddress_rowguid","","DF_BusinessEntityAddress_rowguid","DF_BusinessEntityAddress_rowguid","","Person","","newid()","","","","","","false","","","DF_BusinessEntityAddress_rowguid"
"1075839019::801","DF_BusinessEntityAddress_ModifiedDate",Default Value,"","DF_BusinessEntityAddress_ModifiedDate","","","","","DF_BusinessEntityAddress_ModifiedDate","","DF_BusinessEntityAddress_ModifiedDate","DF_BusinessEntityAddress_ModifiedDate","","Person","","getdate()","","","","","","false","","","DF_BusinessEntityAddress_ModifiedDate"
"1075839019::822","DF_BusinessEntityContact_rowguid",Default Value,"","DF_BusinessEntityContact_rowguid","","","","","DF_BusinessEntityContact_rowguid","","DF_BusinessEntityContact_rowguid","DF_BusinessEntityContact_rowguid","","Person","","newid()","","","","","","false","","","DF_BusinessEntityContact_rowguid"
"1075839019::824","DF_BusinessEntityContact_ModifiedDate",Default Value,"","DF_BusinessEntityContact_ModifiedDate","","","","","DF_BusinessEntityContact_ModifiedDate","","DF_BusinessEntityContact_ModifiedDate","DF_BusinessEntityContact_ModifiedDate","","Person","","getdate()","","","","","","false","","","DF_BusinessEntityContact_ModifiedDate"
"1075839019::843","DF_ContactType_ModifiedDate",Default Value,"","DF_ContactType_ModifiedDate","","","","","DF_ContactType_ModifiedDate","","DF_ContactType_ModifiedDate","DF_ContactType_ModifiedDate","","Person","","getdate()","","","","","","false","","","DF_ContactType_ModifiedDate"
"1075839019::854","DF_CountryRegion_ModifiedDate",Default Value,"","DF_CountryRegion_ModifiedDate","","","","","DF_CountryRegion_ModifiedDate","","DF_CountryRegion_ModifiedDate","DF_CountryRegion_ModifiedDate","","Person","","getdate()","","","","","","false","","","DF_CountryRegion_ModifiedDate"
"1075839019::867","DF_EmailAddress_rowguid",Default Value,"","DF_EmailAddress_rowguid","","","","","DF_EmailAddress_rowguid","","DF_EmailAddress_rowguid","DF_EmailAddress_rowguid","","Person","","newid()","","","","","","false","","","DF_EmailAddress_rowguid"
"1075839019::869","DF_EmailAddress_ModifiedDate",Default Value,"","DF_EmailAddress_ModifiedDate","","","","","DF_EmailAddress_ModifiedDate","","DF_EmailAddress_ModifiedDate","DF_EmailAddress_ModifiedDate","","Person","","getdate()","","","","","","false","","","DF_EmailAddress_ModifiedDate"
"1075839019::883","DF_Password_rowguid",Default Value,"","DF_Password_rowguid","","","","","DF_Password_rowguid","","DF_Password_rowguid","DF_Password_rowguid","","Person","","newid()","","","","","","false","","","DF_Password_rowguid"
"1075839019::885","DF_Password_ModifiedDate",Default Value,"","DF_Password_ModifiedDate","","","","","DF_Password_ModifiedDate","","DF_Password_ModifiedDate","DF_Password_ModifiedDate","","Person","","getdate()","","","","","","false","","","DF_Password_ModifiedDate"
"1075839019::905","DF_Person_NameStyle",Default Value,"","DF_Person_NameStyle","","","","","DF_Person_NameStyle","","DF_Person_NameStyle","DF_Person_NameStyle","","Person","","0","","","","","","false","","","DF_Person_NameStyle"
"1075839019::909","DF_Person_EmailPromotion",Default Value,"","DF_Person_EmailPromotion","","","","","DF_Person_EmailPromotion","","DF_Person_EmailPromotion","DF_Person_EmailPromotion","","Person","","0","","","","","","false","","","DF_Person_EmailPromotion"
"1075839019::911","DF_Person_rowguid",Default Value,"","DF_Person_rowguid","","","","","DF_Person_rowguid","","DF_Person_rowguid","DF_Person_rowguid","","Person","","newid()","","","","","","false","","","DF_Person_rowguid"
"1075839019::913","DF_Person_ModifiedDate",Default Value,"","DF_Person_ModifiedDate","","","","","DF_Person_ModifiedDate","","DF_Person_ModifiedDate","DF_Person_ModifiedDate","","Person","","getdate()","","","","","","false","","","DF_Person_ModifiedDate"
"1075839019::936","DF_PersonPhone_ModifiedDate",Default Value,"","DF_PersonPhone_ModifiedDate","","","","","DF_PersonPhone_ModifiedDate","","DF_PersonPhone_ModifiedDate","DF_PersonPhone_ModifiedDate","","Person","","getdate()","","","","","","false","","","DF_PersonPhone_ModifiedDate"
"1075839019::949","DF_PhoneNumberType_ModifiedDate",Default Value,"","DF_PhoneNumberType_ModifiedDate","","","","","DF_PhoneNumberType_ModifiedDate","","DF_PhoneNumberType_ModifiedDate","DF_PhoneNumberType_ModifiedDate","","Person","","getdate()","","","","","","false","","","DF_PhoneNumberType_ModifiedDate"
"1075839019::962","DF_StateProvince_IsOnlyStateProvinceFlag",Default Value,"","DF_StateProvince_IsOnlyStateProvinceFlag","","","","","DF_StateProvince_IsOnlyStateProvinceFlag","","DF_StateProvince_IsOnlyStateProvinceFlag","DF_StateProvince_IsOnlyStateProvinceFlag","","Person","","1","","","","","","false","","","DF_StateProvince_IsOnlyStateProvinceFlag"
"1075839019::964","DF_StateProvince_rowguid",Default Value,"","DF_StateProvince_rowguid","","","","","DF_StateProvince_rowguid","","DF_StateProvince_rowguid","DF_StateProvince_rowguid","","Person","","newid()","","","","","","false","","","DF_StateProvince_rowguid"
"1075839019::966","DF_StateProvince_ModifiedDate",Default Value,"","DF_StateProvince_ModifiedDate","","","","","DF_StateProvince_ModifiedDate","","DF_StateProvince_ModifiedDate","DF_StateProvince_ModifiedDate","","Person","","getdate()","","","","","","false","","","DF_StateProvince_ModifiedDate"
"1075839019::990","DF_BillOfMaterials_StartDate",Default Value,"","DF_BillOfMaterials_StartDate","","","","","DF_BillOfMaterials_StartDate","","DF_BillOfMaterials_StartDate","DF_BillOfMaterials_StartDate","","Production","","getdate()","","","","","","false","","","DF_BillOfMaterials_StartDate"
"1075839019::994","DF_BillOfMaterials_PerAssemblyQty",Default Value,"","DF_BillOfMaterials_PerAssemblyQty","","","","","DF_BillOfMaterials_PerAssemblyQty","","DF_BillOfMaterials_PerAssemblyQty","DF_BillOfMaterials_PerAssemblyQty","","Production","","1.00","","","","","","false","","","DF_BillOfMaterials_PerAssemblyQty"
"1075839019::996","DF_BillOfMaterials_ModifiedDate",Default Value,"","DF_BillOfMaterials_ModifiedDate","","","","","DF_BillOfMaterials_ModifiedDate","","DF_BillOfMaterials_ModifiedDate","DF_BillOfMaterials_ModifiedDate","","Production","","getdate()","","","","","","false","","","DF_BillOfMaterials_ModifiedDate"
"1075839019::1018","DF_Culture_ModifiedDate",Default Value,"","DF_Culture_ModifiedDate","","","","","DF_Culture_ModifiedDate","","DF_Culture_ModifiedDate","DF_Culture_ModifiedDate","","Production","","getdate()","","","","","","false","","","DF_Culture_ModifiedDate"
"1075839019::1040","DF_Document_FolderFlag",Default Value,"","DF_Document_FolderFlag","","","","","DF_Document_FolderFlag","","DF_Document_FolderFlag","DF_Document_FolderFlag","","Production","","0","","","","","","false","","","DF_Document_FolderFlag"
"1075839019::1042","DF_Document_ChangeNumber",Default Value,"","DF_Document_ChangeNumber","","","","","DF_Document_ChangeNumber","","DF_Document_ChangeNumber","DF_Document_ChangeNumber","","Production","","0","","","","","","false","","","DF_Document_ChangeNumber"
"1075839019::1046","DF_Document_rowguid",Default Value,"","DF_Document_rowguid","","","","","DF_Document_rowguid","","DF_Document_rowguid","DF_Document_rowguid","","Production","","newid()","","","","","","false","","","DF_Document_rowguid"
"1075839019::1048","DF_Document_ModifiedDate",Default Value,"","DF_Document_ModifiedDate","","","","","DF_Document_ModifiedDate","","DF_Document_ModifiedDate","DF_Document_ModifiedDate","","Production","","getdate()","","","","","","false","","","DF_Document_ModifiedDate"
"1075839019::1073","DF_Illustration_ModifiedDate",Default Value,"","DF_Illustration_ModifiedDate","","","","","DF_Illustration_ModifiedDate","","DF_Illustration_ModifiedDate","DF_Illustration_ModifiedDate","","Production","","getdate()","","","","","","false","","","DF_Illustration_ModifiedDate"
"1075839019::1085","DF_Location_CostRate",Default Value,"","DF_Location_CostRate","","","","","DF_Location_CostRate","","DF_Location_CostRate","DF_Location_CostRate","","Production","","0.00","","","","","","false","","","DF_Location_CostRate"
"1075839019::1089","DF_Location_Availability",Default Value,"","DF_Location_Availability","","","","","DF_Location_Availability","","DF_Location_Availability","DF_Location_Availability","","Production","","0.00","","","","","","false","","","DF_Location_Availability"
"1075839019::1091","DF_Location_ModifiedDate",Default Value,"","DF_Location_ModifiedDate","","","","","DF_Location_ModifiedDate","","DF_Location_ModifiedDate","DF_Location_ModifiedDate","","Production","","getdate()","","","","","","false","","","DF_Location_ModifiedDate"
"1075839019::1124","DF_Product_MakeFlag",Default Value,"","DF_Product_MakeFlag","","","","","DF_Product_MakeFlag","","DF_Product_MakeFlag","DF_Product_MakeFlag","","Production","","1","","","","","","false","","","DF_Product_MakeFlag"
"1075839019::1126","DF_Product_FinishedGoodsFlag",Default Value,"","DF_Product_FinishedGoodsFlag","","","","","DF_Product_FinishedGoodsFlag","","DF_Product_FinishedGoodsFlag","DF_Product_FinishedGoodsFlag","","Production","","1","","","","","","false","","","DF_Product_FinishedGoodsFlag"
"1075839019::1146","DF_Product_rowguid",Default Value,"","DF_Product_rowguid","","","","","DF_Product_rowguid","","DF_Product_rowguid","DF_Product_rowguid","","Production","","newid()","","","","","","false","","","DF_Product_rowguid"
"1075839019::1148","DF_Product_ModifiedDate",Default Value,"","DF_Product_ModifiedDate","","","","","DF_Product_ModifiedDate","","DF_Product_ModifiedDate","DF_Product_ModifiedDate","","Production","","getdate()","","","","","","false","","","DF_Product_ModifiedDate"
"1075839019::1168","DF_ProductCategory_rowguid",Default Value,"","DF_ProductCategory_rowguid","","","","","DF_ProductCategory_rowguid","","DF_ProductCategory_rowguid","DF_ProductCategory_rowguid","","Production","","newid()","","","","","","false","","","DF_ProductCategory_rowguid"
"1075839019::1170","DF_ProductCategory_ModifiedDate",Default Value,"","DF_ProductCategory_ModifiedDate","","","","","DF_ProductCategory_ModifiedDate","","DF_ProductCategory_ModifiedDate","DF_ProductCategory_ModifiedDate","","Production","","getdate()","","","","","","false","","","DF_ProductCategory_ModifiedDate"
"1075839019::1188","DF_ProductCostHistory_ModifiedDate",Default Value,"","DF_ProductCostHistory_ModifiedDate","","","","","DF_ProductCostHistory_ModifiedDate","","DF_ProductCostHistory_ModifiedDate","DF_ProductCostHistory_ModifiedDate","","Production","","getdate()","","","","","","false","","","DF_ProductCostHistory_ModifiedDate"
"1075839019::1200","DF_ProductDescription_rowguid",Default Value,"","DF_ProductDescription_rowguid","","","","","DF_ProductDescription_rowguid","","DF_ProductDescription_rowguid","DF_ProductDescription_rowguid","","Production","","newid()","","","","","","false","","","DF_ProductDescription_rowguid"
"1075839019::1202","DF_ProductDescription_ModifiedDate",Default Value,"","DF_ProductDescription_ModifiedDate","","","","","DF_ProductDescription_ModifiedDate","","DF_ProductDescription_ModifiedDate","DF_ProductDescription_ModifiedDate","","Production","","getdate()","","","","","","false","","","DF_ProductDescription_ModifiedDate"
"1075839019::1213","DF_ProductDocument_ModifiedDate",Default Value,"","DF_ProductDocument_ModifiedDate","","","","","DF_ProductDocument_ModifiedDate","","DF_ProductDocument_ModifiedDate","DF_ProductDocument_ModifiedDate","","Production","","getdate()","","","","","","false","","","DF_ProductDocument_ModifiedDate"
"1075839019::1230","DF_ProductInventory_Quantity",Default Value,"","DF_ProductInventory_Quantity","","","","","DF_ProductInventory_Quantity","","DF_ProductInventory_Quantity","DF_ProductInventory_Quantity","","Production","","0","","","","","","false","","","DF_ProductInventory_Quantity"
"1075839019::1232","DF_ProductInventory_rowguid",Default Value,"","DF_ProductInventory_rowguid","","","","","DF_ProductInventory_rowguid","","DF_ProductInventory_rowguid","DF_ProductInventory_rowguid","","Production","","newid()","","","","","","false","","","DF_ProductInventory_rowguid"
"1075839019::1234","DF_ProductInventory_ModifiedDate",Default Value,"","DF_ProductInventory_ModifiedDate","","","","","DF_ProductInventory_ModifiedDate","","DF_ProductInventory_ModifiedDate","DF_ProductInventory_ModifiedDate","","Production","","getdate()","","","","","","false","","","DF_ProductInventory_ModifiedDate"
"1075839019::1247","DF_ProductListPriceHistory_ModifiedDate",Default Value,"","DF_ProductListPriceHistory_ModifiedDate","","","","","DF_ProductListPriceHistory_ModifiedDate","","DF_ProductListPriceHistory_ModifiedDate","DF_ProductListPriceHistory_ModifiedDate","","Production","","getdate()","","","","","","false","","","DF_ProductListPriceHistory_ModifiedDate"
"1075839019::1261","DF_ProductModel_rowguid",Default Value,"","DF_ProductModel_rowguid","","","","","DF_ProductModel_rowguid","","DF_ProductModel_rowguid","DF_ProductModel_rowguid","","Production","","newid()","","","","","","false","","","DF_ProductModel_rowguid"
"1075839019::1263","DF_ProductModel_ModifiedDate",Default Value,"","DF_ProductModel_ModifiedDate","","","","","DF_ProductModel_ModifiedDate","","DF_ProductModel_ModifiedDate","DF_ProductModel_ModifiedDate","","Production","","getdate()","","","","","","false","","","DF_ProductModel_ModifiedDate"
"1075839019::1279","DF_ProductModelIllustration_ModifiedDate",Default Value,"","DF_ProductModelIllustration_ModifiedDate","","","","","DF_ProductModelIllustration_ModifiedDate","","DF_ProductModelIllustration_ModifiedDate","DF_ProductModelIllustration_ModifiedDate","","Production","","getdate()","","","","","","false","","","DF_ProductModelIllustration_ModifiedDate"
"1075839019::1289","DF_ProductModelProductDescriptionCulture_ModifiedDate",Default Value,"","DF_ProductModelProductDescriptionCulture_ModifiedDate","","","","","DF_ProductModelProductDescriptionCulture_ModifiedDate","","DF_ProductModelProductDescriptionCulture_ModifiedDate","DF_ProductModelProductDescriptionCulture_ModifiedDate","","Production","","getdate()","","","","","","false","","","DF_ProductModelProductDescriptionCulture_ModifiedDate"
"1075839019::1302","DF_ProductPhoto_ModifiedDate",Default Value,"","DF_ProductPhoto_ModifiedDate","","","","","DF_ProductPhoto_ModifiedDate","","DF_ProductPhoto_ModifiedDate","DF_ProductPhoto_ModifiedDate","","Production","","getdate()","","","","","","false","","","DF_ProductPhoto_ModifiedDate"
"1075839019::1311","DF_ProductProductPhoto_Primary",Default Value,"","DF_ProductProductPhoto_Primary","","","","","DF_ProductProductPhoto_Primary","","DF_ProductProductPhoto_Primary","DF_ProductProductPhoto_Primary","","Production","","0","","","","","","false","","","DF_ProductProductPhoto_Primary"
"1075839019::1313","DF_ProductProductPhoto_ModifiedDate",Default Value,"","DF_ProductProductPhoto_ModifiedDate","","","","","DF_ProductProductPhoto_ModifiedDate","","DF_ProductProductPhoto_ModifiedDate","DF_ProductProductPhoto_ModifiedDate","","Production","","getdate()","","","","","","false","","","DF_ProductProductPhoto_ModifiedDate"
"1075839019::1327","DF_ProductReview_ReviewDate",Default Value,"","DF_ProductReview_ReviewDate","","","","","DF_ProductReview_ReviewDate","","DF_ProductReview_ReviewDate","DF_ProductReview_ReviewDate","","Production","","getdate()","","","","","","false","","","DF_ProductReview_ReviewDate"
"1075839019::1331","DF_ProductReview_ModifiedDate",Default Value,"","DF_ProductReview_ModifiedDate","","","","","DF_ProductReview_ModifiedDate","","DF_ProductReview_ModifiedDate","DF_ProductReview_ModifiedDate","","Production","","getdate()","","","","","","false","","","DF_ProductReview_ModifiedDate"
"1075839019::1347","DF_ProductSubcategory_rowguid",Default Value,"","DF_ProductSubcategory_rowguid","","","","","DF_ProductSubcategory_rowguid","","DF_ProductSubcategory_rowguid","DF_ProductSubcategory_rowguid","","Production","","newid()","","","","","","false","","","DF_ProductSubcategory_rowguid"
"1075839019::1349","DF_ProductSubcategory_ModifiedDate",Default Value,"","DF_ProductSubcategory_ModifiedDate","","","","","DF_ProductSubcategory_ModifiedDate","","DF_ProductSubcategory_ModifiedDate","DF_ProductSubcategory_ModifiedDate","","Production","","getdate()","","","","","","false","","","DF_ProductSubcategory_ModifiedDate"
"1075839019::1363","DF_ScrapReason_ModifiedDate",Default Value,"","DF_ScrapReason_ModifiedDate","","","","","DF_ScrapReason_ModifiedDate","","DF_ScrapReason_ModifiedDate","DF_ScrapReason_ModifiedDate","","Production","","getdate()","","","","","","false","","","DF_ScrapReason_ModifiedDate"
"1075839019::1380","DF_TransactionHistory_ReferenceOrderLineID",Default Value,"","DF_TransactionHistory_ReferenceOrderLineID","","","","","DF_TransactionHistory_ReferenceOrderLineID","","DF_TransactionHistory_ReferenceOrderLineID","DF_TransactionHistory_ReferenceOrderLineID","","Production","","0","","","","","","false","","","DF_TransactionHistory_ReferenceOrderLineID"
"1075839019::1382","DF_TransactionHistory_TransactionDate",Default Value,"","DF_TransactionHistory_TransactionDate","","","","","DF_TransactionHistory_TransactionDate","","DF_TransactionHistory_TransactionDate","DF_TransactionHistory_TransactionDate","","Production","","getdate()","","","","","","false","","","DF_TransactionHistory_TransactionDate"
"1075839019::1386","DF_TransactionHistory_ModifiedDate",Default Value,"","DF_TransactionHistory_ModifiedDate","","","","","DF_TransactionHistory_ModifiedDate","","DF_TransactionHistory_ModifiedDate","DF_TransactionHistory_ModifiedDate","","Production","","getdate()","","","","","","false","","","DF_TransactionHistory_ModifiedDate"
"1075839019::1407","DF_TransactionHistoryArchive_ReferenceOrderLineID",Default Value,"","DF_TransactionHistoryArchive_ReferenceOrderLineID","","","","","DF_TransactionHistoryArchive_ReferenceOrderLineID","","DF_TransactionHistoryArchive_ReferenceOrderLineID","DF_TransactionHistoryArchive_ReferenceOrderLineID","","Production","","0","","","","","","false","","","DF_TransactionHistoryArchive_ReferenceOrderLineID"
"1075839019::1409","DF_TransactionHistoryArchive_TransactionDate",Default Value,"","DF_TransactionHistoryArchive_TransactionDate","","","","","DF_TransactionHistoryArchive_TransactionDate","","DF_TransactionHistoryArchive_TransactionDate","DF_TransactionHistoryArchive_TransactionDate","","Production","","getdate()","","","","","","false","","","DF_TransactionHistoryArchive_TransactionDate"
"1075839019::1413","DF_TransactionHistoryArchive_ModifiedDate",Default Value,"","DF_TransactionHistoryArchive_ModifiedDate","","","","","DF_TransactionHistoryArchive_ModifiedDate","","DF_TransactionHistoryArchive_ModifiedDate","DF_TransactionHistoryArchive_ModifiedDate","","Production","","getdate()","","","","","","false","","","DF_TransactionHistoryArchive_ModifiedDate"
"1075839019::1428","DF_UnitMeasure_ModifiedDate",Default Value,"","DF_UnitMeasure_ModifiedDate","","","","","DF_UnitMeasure_ModifiedDate","","DF_UnitMeasure_ModifiedDate","DF_UnitMeasure_ModifiedDate","","Production","","getdate()","","","","","","false","","","DF_UnitMeasure_ModifiedDate"
"1075839019::1450","DF_WorkOrder_ModifiedDate",Default Value,"","DF_WorkOrder_ModifiedDate","","","","","DF_WorkOrder_ModifiedDate","","DF_WorkOrder_ModifiedDate","DF_WorkOrder_ModifiedDate","","Production","","getdate()","","","","","","false","","","DF_WorkOrder_ModifiedDate"
"1075839019::1483","DF_WorkOrderRouting_ModifiedDate",Default Value,"","DF_WorkOrderRouting_ModifiedDate","","","","","DF_WorkOrderRouting_ModifiedDate","","DF_WorkOrderRouting_ModifiedDate","DF_WorkOrderRouting_ModifiedDate","","Production","","getdate()","","","","","","false","","","DF_WorkOrderRouting_ModifiedDate"
"1075839019::1520","DF_ProductVendor_ModifiedDate",Default Value,"","DF_ProductVendor_ModifiedDate","","","","","DF_ProductVendor_ModifiedDate","","DF_ProductVendor_ModifiedDate","DF_ProductVendor_ModifiedDate","","Purchasing","","getdate()","","","","","","false","","","DF_ProductVendor_ModifiedDate"
"1075839019::1551","DF_PurchaseOrderDetail_ModifiedDate",Default Value,"","DF_PurchaseOrderDetail_ModifiedDate","","","","","DF_PurchaseOrderDetail_ModifiedDate","","DF_PurchaseOrderDetail_ModifiedDate","DF_PurchaseOrderDetail_ModifiedDate","","Purchasing","","getdate()","","","","","","false","","","DF_PurchaseOrderDetail_ModifiedDate"
"1075839019::1575","DF_PurchaseOrderHeader_RevisionNumber",Default Value,"","DF_PurchaseOrderHeader_RevisionNumber","","","","","DF_PurchaseOrderHeader_RevisionNumber","","DF_PurchaseOrderHeader_RevisionNumber","DF_PurchaseOrderHeader_RevisionNumber","","Purchasing","","0","","","","","","false","","","DF_PurchaseOrderHeader_RevisionNumber"
"1075839019::1579","DF_PurchaseOrderHeader_Status",Default Value,"","DF_PurchaseOrderHeader_Status","","","","","DF_PurchaseOrderHeader_Status","","DF_PurchaseOrderHeader_Status","DF_PurchaseOrderHeader_Status","","Purchasing","","1","","","","","","false","","","DF_PurchaseOrderHeader_Status"
"1075839019::1581","DF_PurchaseOrderHeader_OrderDate",Default Value,"","DF_PurchaseOrderHeader_OrderDate","","","","","DF_PurchaseOrderHeader_OrderDate","","DF_PurchaseOrderHeader_OrderDate","DF_PurchaseOrderHeader_OrderDate","","Purchasing","","getdate()","","","","","","false","","","DF_PurchaseOrderHeader_OrderDate"
"1075839019::1585","DF_PurchaseOrderHeader_SubTotal",Default Value,"","DF_PurchaseOrderHeader_SubTotal","","","","","DF_PurchaseOrderHeader_SubTotal","","DF_PurchaseOrderHeader_SubTotal","DF_PurchaseOrderHeader_SubTotal","","Purchasing","","0.00","","","","","","false","","","DF_PurchaseOrderHeader_SubTotal"
"1075839019::1589","DF_PurchaseOrderHeader_TaxAmt",Default Value,"","DF_PurchaseOrderHeader_TaxAmt","","","","","DF_PurchaseOrderHeader_TaxAmt","","DF_PurchaseOrderHeader_TaxAmt","DF_PurchaseOrderHeader_TaxAmt","","Purchasing","","0.00","","","","","","false","","","DF_PurchaseOrderHeader_TaxAmt"
"1075839019::1593","DF_PurchaseOrderHeader_Freight",Default Value,"","DF_PurchaseOrderHeader_Freight","","","","","DF_PurchaseOrderHeader_Freight","","DF_PurchaseOrderHeader_Freight","DF_PurchaseOrderHeader_Freight","","Purchasing","","0.00","","","","","","false","","","DF_PurchaseOrderHeader_Freight"
"1075839019::1595","DF_PurchaseOrderHeader_ModifiedDate",Default Value,"","DF_PurchaseOrderHeader_ModifiedDate","","","","","DF_PurchaseOrderHeader_ModifiedDate","","DF_PurchaseOrderHeader_ModifiedDate","DF_PurchaseOrderHeader_ModifiedDate","","Purchasing","","getdate()","","","","","","false","","","DF_PurchaseOrderHeader_ModifiedDate"
"1075839019::1617","DF_ShipMethod_ShipBase",Default Value,"","DF_ShipMethod_ShipBase","","","","","DF_ShipMethod_ShipBase","","DF_ShipMethod_ShipBase","DF_ShipMethod_ShipBase","","Purchasing","","0.00","","","","","","false","","","DF_ShipMethod_ShipBase"
"1075839019::1621","DF_ShipMethod_ShipRate",Default Value,"","DF_ShipMethod_ShipRate","","","","","DF_ShipMethod_ShipRate","","DF_ShipMethod_ShipRate","DF_ShipMethod_ShipRate","","Purchasing","","0.00","","","","","","false","","","DF_ShipMethod_ShipRate"
"1075839019::1623","DF_ShipMethod_rowguid",Default Value,"","DF_ShipMethod_rowguid","","","","","DF_ShipMethod_rowguid","","DF_ShipMethod_rowguid","DF_ShipMethod_rowguid","","Purchasing","","newid()","","","","","","false","","","DF_ShipMethod_rowguid"
"1075839019::1625","DF_ShipMethod_ModifiedDate",Default Value,"","DF_ShipMethod_ModifiedDate","","","","","DF_ShipMethod_ModifiedDate","","DF_ShipMethod_ModifiedDate","DF_ShipMethod_ModifiedDate","","Purchasing","","getdate()","","","","","","false","","","DF_ShipMethod_ModifiedDate"
"1075839019::1646","DF_Vendor_PreferredVendorStatus",Default Value,"","DF_Vendor_PreferredVendorStatus","","","","","DF_Vendor_PreferredVendorStatus","","DF_Vendor_PreferredVendorStatus","DF_Vendor_PreferredVendorStatus","","Purchasing","","1","","","","","","false","","","DF_Vendor_PreferredVendorStatus"
"1075839019::1648","DF_Vendor_ActiveFlag",Default Value,"","DF_Vendor_ActiveFlag","","","","","DF_Vendor_ActiveFlag","","DF_Vendor_ActiveFlag","DF_Vendor_ActiveFlag","","Purchasing","","1","","","","","","false","","","DF_Vendor_ActiveFlag"
"1075839019::1650","DF_Vendor_ModifiedDate",Default Value,"","DF_Vendor_ModifiedDate","","","","","DF_Vendor_ModifiedDate","","DF_Vendor_ModifiedDate","DF_Vendor_ModifiedDate","","Purchasing","","getdate()","","","","","","false","","","DF_Vendor_ModifiedDate"
"1075839019::1662","DF_CountryRegionCurrency_ModifiedDate",Default Value,"","DF_CountryRegionCurrency_ModifiedDate","","","","","DF_CountryRegionCurrency_ModifiedDate","","DF_CountryRegionCurrency_ModifiedDate","DF_CountryRegionCurrency_ModifiedDate","","Sales","","getdate()","","","","","","false","","","DF_CountryRegionCurrency_ModifiedDate"
"1075839019::1677","DF_CreditCard_ModifiedDate",Default Value,"","DF_CreditCard_ModifiedDate","","","","","DF_CreditCard_ModifiedDate","","DF_CreditCard_ModifiedDate","DF_CreditCard_ModifiedDate","","Sales","","getdate()","","","","","","false","","","DF_CreditCard_ModifiedDate"
"1075839019::1688","DF_Currency_ModifiedDate",Default Value,"","DF_Currency_ModifiedDate","","","","","DF_Currency_ModifiedDate","","DF_Currency_ModifiedDate","DF_Currency_ModifiedDate","","Sales","","getdate()","","","","","","false","","","DF_Currency_ModifiedDate"
"1075839019::1703","DF_CurrencyRate_ModifiedDate",Default Value,"","DF_CurrencyRate_ModifiedDate","","","","","DF_CurrencyRate_ModifiedDate","","DF_CurrencyRate_ModifiedDate","DF_CurrencyRate_ModifiedDate","","Sales","","getdate()","","","","","","false","","","DF_CurrencyRate_ModifiedDate"
"1075839019::1720","DF_Customer_rowguid",Default Value,"","DF_Customer_rowguid","","","","","DF_Customer_rowguid","","DF_Customer_rowguid","DF_Customer_rowguid","","Sales","","newid()","","","","","","false","","","DF_Customer_rowguid"
"1075839019::1722","DF_Customer_ModifiedDate",Default Value,"","DF_Customer_ModifiedDate","","","","","DF_Customer_ModifiedDate","","DF_Customer_ModifiedDate","DF_Customer_ModifiedDate","","Sales","","getdate()","","","","","","false","","","DF_Customer_ModifiedDate"
"1075839019::1739","DF_PersonCreditCard_ModifiedDate",Default Value,"","DF_PersonCreditCard_ModifiedDate","","","","","DF_PersonCreditCard_ModifiedDate","","DF_PersonCreditCard_ModifiedDate","DF_PersonCreditCard_ModifiedDate","","Sales","","getdate()","","","","","","false","","","DF_PersonCreditCard_ModifiedDate"
"1075839019::1762","DF_SalesOrderDetail_UnitPriceDiscount",Default Value,"","DF_SalesOrderDetail_UnitPriceDiscount","","","","","DF_SalesOrderDetail_UnitPriceDiscount","","DF_SalesOrderDetail_UnitPriceDiscount","DF_SalesOrderDetail_UnitPriceDiscount","","Sales","","0.0","","","","","","false","","","DF_SalesOrderDetail_UnitPriceDiscount"
"1075839019::1764","DF_SalesOrderDetail_rowguid",Default Value,"","DF_SalesOrderDetail_rowguid","","","","","DF_SalesOrderDetail_rowguid","","DF_SalesOrderDetail_rowguid","DF_SalesOrderDetail_rowguid","","Sales","","newid()","","","","","","false","","","DF_SalesOrderDetail_rowguid"
"1075839019::1766","DF_SalesOrderDetail_ModifiedDate",Default Value,"","DF_SalesOrderDetail_ModifiedDate","","","","","DF_SalesOrderDetail_ModifiedDate","","DF_SalesOrderDetail_ModifiedDate","DF_SalesOrderDetail_ModifiedDate","","Sales","","getdate()","","","","","","false","","","DF_SalesOrderDetail_ModifiedDate"
"1075839019::1805","DF_SalesOrderHeader_RevisionNumber",Default Value,"","DF_SalesOrderHeader_RevisionNumber","","","","","DF_SalesOrderHeader_RevisionNumber","","DF_SalesOrderHeader_RevisionNumber","DF_SalesOrderHeader_RevisionNumber","","Sales","","0","","","","","","false","","","DF_SalesOrderHeader_RevisionNumber"
"1075839019::1807","DF_SalesOrderHeader_OrderDate",Default Value,"","DF_SalesOrderHeader_OrderDate","","","","","DF_SalesOrderHeader_OrderDate","","DF_SalesOrderHeader_OrderDate","DF_SalesOrderHeader_OrderDate","","Sales","","getdate()","","","","","","false","","","DF_SalesOrderHeader_OrderDate"
"1075839019::1811","DF_SalesOrderHeader_Status",Default Value,"","DF_SalesOrderHeader_Status","","","","","DF_SalesOrderHeader_Status","","DF_SalesOrderHeader_Status","DF_SalesOrderHeader_Status","","Sales","","1","","","","","","false","","","DF_SalesOrderHeader_Status"
"1075839019::1813","DF_SalesOrderHeader_OnlineOrderFlag",Default Value,"","DF_SalesOrderHeader_OnlineOrderFlag","","","","","DF_SalesOrderHeader_OnlineOrderFlag","","DF_SalesOrderHeader_OnlineOrderFlag","DF_SalesOrderHeader_OnlineOrderFlag","","Sales","","1","","","","","","false","","","DF_SalesOrderHeader_OnlineOrderFlag"
"1075839019::1817","DF_SalesOrderHeader_SubTotal",Default Value,"","DF_SalesOrderHeader_SubTotal","","","","","DF_SalesOrderHeader_SubTotal","","DF_SalesOrderHeader_SubTotal","DF_SalesOrderHeader_SubTotal","","Sales","","0.00","","","","","","false","","","DF_SalesOrderHeader_SubTotal"
"1075839019::1821","DF_SalesOrderHeader_TaxAmt",Default Value,"","DF_SalesOrderHeader_TaxAmt","","","","","DF_SalesOrderHeader_TaxAmt","","DF_SalesOrderHeader_TaxAmt","DF_SalesOrderHeader_TaxAmt","","Sales","","0.00","","","","","","false","","","DF_SalesOrderHeader_TaxAmt"
"1075839019::1825","DF_SalesOrderHeader_Freight",Default Value,"","DF_SalesOrderHeader_Freight","","","","","DF_SalesOrderHeader_Freight","","DF_SalesOrderHeader_Freight","DF_SalesOrderHeader_Freight","","Sales","","0.00","","","","","","false","","","DF_SalesOrderHeader_Freight"
"1075839019::1827","DF_SalesOrderHeader_rowguid",Default Value,"","DF_SalesOrderHeader_rowguid","","","","","DF_SalesOrderHeader_rowguid","","DF_SalesOrderHeader_rowguid","DF_SalesOrderHeader_rowguid","","Sales","","newid()","","","","","","false","","","DF_SalesOrderHeader_rowguid"
"1075839019::1829","DF_SalesOrderHeader_ModifiedDate",Default Value,"","DF_SalesOrderHeader_ModifiedDate","","","","","DF_SalesOrderHeader_ModifiedDate","","DF_SalesOrderHeader_ModifiedDate","DF_SalesOrderHeader_ModifiedDate","","Sales","","getdate()","","","","","","false","","","DF_SalesOrderHeader_ModifiedDate"
"1075839019::1854","DF_SalesOrderHeaderSalesReason_ModifiedDate",Default Value,"","DF_SalesOrderHeaderSalesReason_ModifiedDate","","","","","DF_SalesOrderHeaderSalesReason_ModifiedDate","","DF_SalesOrderHeaderSalesReason_ModifiedDate","DF_SalesOrderHeaderSalesReason_ModifiedDate","","Sales","","getdate()","","","","","","false","","","DF_SalesOrderHeaderSalesReason_ModifiedDate"
"1075839019::1873","DF_SalesPerson_Bonus",Default Value,"","DF_SalesPerson_Bonus","","","","","DF_SalesPerson_Bonus","","DF_SalesPerson_Bonus","DF_SalesPerson_Bonus","","Sales","","0.00","","","","","","false","","","DF_SalesPerson_Bonus"
"1075839019::1877","DF_SalesPerson_CommissionPct",Default Value,"","DF_SalesPerson_CommissionPct","","","","","DF_SalesPerson_CommissionPct","","DF_SalesPerson_CommissionPct","DF_SalesPerson_CommissionPct","","Sales","","0.00","","","","","","false","","","DF_SalesPerson_CommissionPct"
"1075839019::1881","DF_SalesPerson_SalesYTD",Default Value,"","DF_SalesPerson_SalesYTD","","","","","DF_SalesPerson_SalesYTD","","DF_SalesPerson_SalesYTD","DF_SalesPerson_SalesYTD","","Sales","","0.00","","","","","","false","","","DF_SalesPerson_SalesYTD"
"1075839019::1885","DF_SalesPerson_SalesLastYear",Default Value,"","DF_SalesPerson_SalesLastYear","","","","","DF_SalesPerson_SalesLastYear","","DF_SalesPerson_SalesLastYear","DF_SalesPerson_SalesLastYear","","Sales","","0.00","","","","","","false","","","DF_SalesPerson_SalesLastYear"
"1075839019::1887","DF_SalesPerson_rowguid",Default Value,"","DF_SalesPerson_rowguid","","","","","DF_SalesPerson_rowguid","","DF_SalesPerson_rowguid","DF_SalesPerson_rowguid","","Sales","","newid()","","","","","","false","","","DF_SalesPerson_rowguid"
"1075839019::1889","DF_SalesPerson_ModifiedDate",Default Value,"","DF_SalesPerson_ModifiedDate","","","","","DF_SalesPerson_ModifiedDate","","DF_SalesPerson_ModifiedDate","DF_SalesPerson_ModifiedDate","","Sales","","getdate()","","","","","","false","","","DF_SalesPerson_ModifiedDate"
"1075839019::1904","DF_SalesPersonQuotaHistory_rowguid",Default Value,"","DF_SalesPersonQuotaHistory_rowguid","","","","","DF_SalesPersonQuotaHistory_rowguid","","DF_SalesPersonQuotaHistory_rowguid","DF_SalesPersonQuotaHistory_rowguid","","Sales","","newid()","","","","","","false","","","DF_SalesPersonQuotaHistory_rowguid"
"1075839019::1906","DF_SalesPersonQuotaHistory_ModifiedDate",Default Value,"","DF_SalesPersonQuotaHistory_ModifiedDate","","","","","DF_SalesPersonQuotaHistory_ModifiedDate","","DF_SalesPersonQuotaHistory_ModifiedDate","DF_SalesPersonQuotaHistory_ModifiedDate","","Sales","","getdate()","","","","","","false","","","DF_SalesPersonQuotaHistory_ModifiedDate"
"1075839019::1919","DF_SalesReason_ModifiedDate",Default Value,"","DF_SalesReason_ModifiedDate","","","","","DF_SalesReason_ModifiedDate","","DF_SalesReason_ModifiedDate","DF_SalesReason_ModifiedDate","","Sales","","getdate()","","","","","","false","","","DF_SalesReason_ModifiedDate"
"1075839019::1933","DF_SalesTaxRate_TaxRate",Default Value,"","DF_SalesTaxRate_TaxRate","","","","","DF_SalesTaxRate_TaxRate","","DF_SalesTaxRate_TaxRate","DF_SalesTaxRate_TaxRate","","Sales","","0.00","","","","","","false","","","DF_SalesTaxRate_TaxRate"
"1075839019::1935","DF_SalesTaxRate_rowguid",Default Value,"","DF_SalesTaxRate_rowguid","","","","","DF_SalesTaxRate_rowguid","","DF_SalesTaxRate_rowguid","DF_SalesTaxRate_rowguid","","Sales","","newid()","","","","","","false","","","DF_SalesTaxRate_rowguid"
"1075839019::1937","DF_SalesTaxRate_ModifiedDate",Default Value,"","DF_SalesTaxRate_ModifiedDate","","","","","DF_SalesTaxRate_ModifiedDate","","DF_SalesTaxRate_ModifiedDate","DF_SalesTaxRate_ModifiedDate","","Sales","","getdate()","","","","","","false","","","DF_SalesTaxRate_ModifiedDate"
"1075839019::1961","DF_SalesTerritory_SalesYTD",Default Value,"","DF_SalesTerritory_SalesYTD","","","","","DF_SalesTerritory_SalesYTD","","DF_SalesTerritory_SalesYTD","DF_SalesTerritory_SalesYTD","","Sales","","0.00","","","","","","false","","","DF_SalesTerritory_SalesYTD"
"1075839019::1965","DF_SalesTerritory_SalesLastYear",Default Value,"","DF_SalesTerritory_SalesLastYear","","","","","DF_SalesTerritory_SalesLastYear","","DF_SalesTerritory_SalesLastYear","DF_SalesTerritory_SalesLastYear","","Sales","","0.00","","","","","","false","","","DF_SalesTerritory_SalesLastYear"
"1075839019::1969","DF_SalesTerritory_CostYTD",Default Value,"","DF_SalesTerritory_CostYTD","","","","","DF_SalesTerritory_CostYTD","","DF_SalesTerritory_CostYTD","DF_SalesTerritory_CostYTD","","Sales","","0.00","","","","","","false","","","DF_SalesTerritory_CostYTD"
"1075839019::1973","DF_SalesTerritory_CostLastYear",Default Value,"","DF_SalesTerritory_CostLastYear","","","","","DF_SalesTerritory_CostLastYear","","DF_SalesTerritory_CostLastYear","DF_SalesTerritory_CostLastYear","","Sales","","0.00","","","","","","false","","","DF_SalesTerritory_CostLastYear"
"1075839019::1975","DF_SalesTerritory_rowguid",Default Value,"","DF_SalesTerritory_rowguid","","","","","DF_SalesTerritory_rowguid","","DF_SalesTerritory_rowguid","DF_SalesTerritory_rowguid","","Sales","","newid()","","","","","","false","","","DF_SalesTerritory_rowguid"
"1075839019::1977","DF_SalesTerritory_ModifiedDate",Default Value,"","DF_SalesTerritory_ModifiedDate","","","","","DF_SalesTerritory_ModifiedDate","","DF_SalesTerritory_ModifiedDate","DF_SalesTerritory_ModifiedDate","","Sales","","getdate()","","","","","","false","","","DF_SalesTerritory_ModifiedDate"
"1075839019::1994","DF_SalesTerritoryHistory_rowguid",Default Value,"","DF_SalesTerritoryHistory_rowguid","","","","","DF_SalesTerritoryHistory_rowguid","","DF_SalesTerritoryHistory_rowguid","DF_SalesTerritoryHistory_rowguid","","Sales","","newid()","","","","","","false","","","DF_SalesTerritoryHistory_rowguid"
"1075839019::1996","DF_SalesTerritoryHistory_ModifiedDate",Default Value,"","DF_SalesTerritoryHistory_ModifiedDate","","","","","DF_SalesTerritoryHistory_ModifiedDate","","DF_SalesTerritoryHistory_ModifiedDate","DF_SalesTerritoryHistory_ModifiedDate","","Sales","","getdate()","","","","","","false","","","DF_SalesTerritoryHistory_ModifiedDate"
"1075839019::2016","DF_ShoppingCartItem_Quantity",Default Value,"","DF_ShoppingCartItem_Quantity","","","","","DF_ShoppingCartItem_Quantity","","DF_ShoppingCartItem_Quantity","DF_ShoppingCartItem_Quantity","","Sales","","1","","","","","","false","","","DF_ShoppingCartItem_Quantity"
"1075839019::2018","DF_ShoppingCartItem_DateCreated",Default Value,"","DF_ShoppingCartItem_DateCreated","","","","","DF_ShoppingCartItem_DateCreated","","DF_ShoppingCartItem_DateCreated","DF_ShoppingCartItem_DateCreated","","Sales","","getdate()","","","","","","false","","","DF_ShoppingCartItem_DateCreated"
"1075839019::2020","DF_ShoppingCartItem_ModifiedDate",Default Value,"","DF_ShoppingCartItem_ModifiedDate","","","","","DF_ShoppingCartItem_ModifiedDate","","DF_ShoppingCartItem_ModifiedDate","DF_ShoppingCartItem_ModifiedDate","","Sales","","getdate()","","","","","","false","","","DF_ShoppingCartItem_ModifiedDate"
"1075839019::2042","DF_SpecialOffer_DiscountPct",Default Value,"","DF_SpecialOffer_DiscountPct","","","","","DF_SpecialOffer_DiscountPct","","DF_SpecialOffer_DiscountPct","DF_SpecialOffer_DiscountPct","","Sales","","0.00","","","","","","false","","","DF_SpecialOffer_DiscountPct"
"1075839019::2046","DF_SpecialOffer_MinQty",Default Value,"","DF_SpecialOffer_MinQty","","","","","DF_SpecialOffer_MinQty","","DF_SpecialOffer_MinQty","DF_SpecialOffer_MinQty","","Sales","","0","","","","","","false","","","DF_SpecialOffer_MinQty"
"1075839019::2050","DF_SpecialOffer_rowguid",Default Value,"","DF_SpecialOffer_rowguid","","","","","DF_SpecialOffer_rowguid","","DF_SpecialOffer_rowguid","DF_SpecialOffer_rowguid","","Sales","","newid()","","","","","","false","","","DF_SpecialOffer_rowguid"
"1075839019::2052","DF_SpecialOffer_ModifiedDate",Default Value,"","DF_SpecialOffer_ModifiedDate","","","","","DF_SpecialOffer_ModifiedDate","","DF_SpecialOffer_ModifiedDate","DF_SpecialOffer_ModifiedDate","","Sales","","getdate()","","","","","","false","","","DF_SpecialOffer_ModifiedDate"
"1075839019::2066","DF_SpecialOfferProduct_rowguid",Default Value,"","DF_SpecialOfferProduct_rowguid","","","","","DF_SpecialOfferProduct_rowguid","","DF_SpecialOfferProduct_rowguid","DF_SpecialOfferProduct_rowguid","","Sales","","newid()","","","","","","false","","","DF_SpecialOfferProduct_rowguid"
"1075839019::2068","DF_SpecialOfferProduct_ModifiedDate",Default Value,"","DF_SpecialOfferProduct_ModifiedDate","","","","","DF_SpecialOfferProduct_ModifiedDate","","DF_SpecialOfferProduct_ModifiedDate","DF_SpecialOfferProduct_ModifiedDate","","Sales","","getdate()","","","","","","false","","","DF_SpecialOfferProduct_ModifiedDate"
"1075839019::2086","DF_Store_rowguid",Default Value,"","DF_Store_rowguid","","","","","DF_Store_rowguid","","DF_Store_rowguid","DF_Store_rowguid","","Sales","","newid()","","","","","","false","","","DF_Store_rowguid"
"1075839019::2088","DF_Store_ModifiedDate",Default Value,"","DF_Store_ModifiedDate","","","","","DF_Store_ModifiedDate","","DF_Store_ModifiedDate","DF_Store_ModifiedDate","","Sales","","getdate()","","","","","","false","","","DF_Store_ModifiedDate"
