ERwin Property Ids,1075850516::User Formatted Name  [read only],0::Object Type  [read only],1073742125::Definition,1073742126::Name,1075848986::Value,1075849148::Comments,1075849172::Physical Only,1075849173::Logical Only,1075849176::Physical Name,1075849713::Is Detach,1075850193::Dependent Objects  [read only],1075850516::User Formatted Name  [read only],1075850737::Schema,1075852160::Generate Using Bind,1075852278::Extended Notes Order  [read only],1075848978::Type,1075849001::Min,1075849002::Max,1075849003::Error Message,1075849714::Quote Value,1075849715::Invert Expression,1075849722::Is Not For Replication,1075850193::Dependent Objects  [read only]
"1075839020::623","CK_Employee_BirthDate",Validation Rule,"","CK_Employee_BirthDate"," BETWEEN '1930-01-01' AND 'dateadd(year,(-18),getdate'","","","","CK_Employee_BirthDate","","CK_Employee_BirthDate","CK_Employee_BirthDate","HumanResources","false","","MinMax","1930-01-01","dateadd(year,(-18),getdate","","Yes","false","","CK_Employee_BirthDate"
"1075839020::625","CK_Employee_MaritalStatus",Validation Rule,"","CK_Employee_MaritalStatus","[]='S' OR []='M'","","","","CK_Employee_MaritalStatus","","CK_Employee_MaritalStatus","CK_Employee_MaritalStatus","HumanResources","false","","Valid Values","","","","Yes","","","CK_Employee_MaritalStatus"
"1075839020::627","CK_Employee_Gender",Validation Rule,"","CK_Employee_Gender","[]='F' OR []='M'","","","","CK_Employee_Gender","","CK_Employee_Gender","CK_Employee_Gender","HumanResources","false","","Valid Values","","","","Yes","","","CK_Employee_Gender"
"1075839020::629","CK_Employee_HireDate",Validation Rule,"","CK_Employee_HireDate"," BETWEEN '1996-07-01' AND 'dateadd(day,(1),getdate'","","","","CK_Employee_HireDate","","CK_Employee_HireDate","CK_Employee_HireDate","HumanResources","false","","MinMax","1996-07-01","dateadd(day,(1),getdate","","Yes","false","","CK_Employee_HireDate"
"1075839020::633","CK_Employee_VacationHours",Validation Rule,"","CK_Employee_VacationHours"," BETWEEN -40 AND 240","","","","CK_Employee_VacationHours","","CK_Employee_VacationHours","CK_Employee_VacationHours","HumanResources","false","","MinMax","-40","240","","No","false","","CK_Employee_VacationHours"
"1075839020::637","CK_Employee_SickLeaveHours",Validation Rule,"","CK_Employee_SickLeaveHours"," BETWEEN 0 AND 120","","","","CK_Employee_SickLeaveHours","","CK_Employee_SickLeaveHours","CK_Employee_SickLeaveHours","HumanResources","false","","MinMax","0","120","","No","false","","CK_Employee_SickLeaveHours"
"1075839020::687","CK_EmployeeDepartmentHistory_EndDate",Validation Rule,"","CK_EmployeeDepartmentHistory_EndDate","[EndDate]>=[StartDate] OR [EndDate] IS NULL","","","","CK_EmployeeDepartmentHistory_EndDate","","CK_EmployeeDepartmentHistory_EndDate","CK_EmployeeDepartmentHistory_EndDate","HumanResources","false","","User-Defined","","","","","","","CK_EmployeeDepartmentHistory_EndDate"
"1075839020::694","CK_EmployeePayHistory_Rate",Validation Rule,"","CK_EmployeePayHistory_Rate"," BETWEEN 6.50 AND 200.00","","","","CK_EmployeePayHistory_Rate","","CK_EmployeePayHistory_Rate","CK_EmployeePayHistory_Rate","HumanResources","false","","MinMax","6.50","200.00","","No","false","","CK_EmployeePayHistory_Rate"
"1075839020::696","CK_EmployeePayHistory_PayFrequency",Validation Rule,"","CK_EmployeePayHistory_PayFrequency","[]=2 OR []=1","","","","CK_EmployeePayHistory_PayFrequency","","CK_EmployeePayHistory_PayFrequency","CK_EmployeePayHistory_PayFrequency","HumanResources","false","","Valid Values","","","","","","","CK_EmployeePayHistory_PayFrequency"
"1075839020::903","CK_Person_PersonType",Validation Rule,"","CK_Person_PersonType","[PersonType] IS NULL OR (upper([PersonType])='GC' OR upper([PersonType])='SP' OR upper([PersonType])='EM' OR upper([PersonType])='IN' OR upper([PersonType])='VC' OR upper([PersonType])='SC')","","","","CK_Person_PersonType","","CK_Person_PersonType","CK_Person_PersonType","Person","false","","User-Defined","","","","","","","CK_Person_PersonType"
"1075839020::907","CK_Person_EmailPromotion",Validation Rule,"","CK_Person_EmailPromotion"," BETWEEN 0 AND 2","","","","CK_Person_EmailPromotion","","CK_Person_EmailPromotion","CK_Person_EmailPromotion","Person","false","","MinMax","0","2","","No","false","","CK_Person_EmailPromotion"
"1075839020::992","CK_BillOfMaterials_PerAssemblyQty",Validation Rule,"","CK_BillOfMaterials_PerAssemblyQty"," >= 1.00","","","","CK_BillOfMaterials_PerAssemblyQty","","CK_BillOfMaterials_PerAssemblyQty","CK_BillOfMaterials_PerAssemblyQty","Production","false","","MinMax","1.00","","","No","false","","CK_BillOfMaterials_PerAssemblyQty"
"1075839020::1009","CK_BillOfMaterials_EndDate",Validation Rule,"","CK_BillOfMaterials_EndDate","[EndDate]>[StartDate] OR [EndDate] IS NULL","","","","CK_BillOfMaterials_EndDate","","CK_BillOfMaterials_EndDate","CK_BillOfMaterials_EndDate","Production","false","","User-Defined","","","","","","","CK_BillOfMaterials_EndDate"
"1075839020::1011","CK_BillOfMaterials_ProductAssemblyID",Validation Rule,"","CK_BillOfMaterials_ProductAssemblyID","[ProductAssemblyID]<>[ComponentID]","","","","CK_BillOfMaterials_ProductAssemblyID","","CK_BillOfMaterials_ProductAssemblyID","CK_BillOfMaterials_ProductAssemblyID","Production","false","","User-Defined","","","","","","","CK_BillOfMaterials_ProductAssemblyID"
"1075839020::1013","CK_BillOfMaterials_BOMLevel",Validation Rule,"","CK_BillOfMaterials_BOMLevel","[ProductAssemblyID] IS NULL AND [BOMLevel]=(0) AND [PerAssemblyQty]=(1.00) OR [ProductAssemblyID] IS NOT NULL AND [BOMLevel]>=(1)","","","","CK_BillOfMaterials_BOMLevel","","CK_BillOfMaterials_BOMLevel","CK_BillOfMaterials_BOMLevel","Production","false","","User-Defined","","","","","","","CK_BillOfMaterials_BOMLevel"
"1075839020::1044","CK_Document_Status",Validation Rule,"","CK_Document_Status"," BETWEEN 1 AND 3","","","","CK_Document_Status","","CK_Document_Status","CK_Document_Status","Production","false","","MinMax","1","3","","No","false","","CK_Document_Status"
"1075839020::1083","CK_Location_CostRate",Validation Rule,"","CK_Location_CostRate"," >= 0.00","","","","CK_Location_CostRate","","CK_Location_CostRate","CK_Location_CostRate","Production","false","","MinMax","0.00","","","No","false","","CK_Location_CostRate"
"1075839020::1087","CK_Location_Availability",Validation Rule,"","CK_Location_Availability"," >= 0.00","","","","CK_Location_Availability","","CK_Location_Availability","CK_Location_Availability","Production","false","","MinMax","0.00","","","No","false","","CK_Location_Availability"
"1075839020::1128","CK_Product_SafetyStockLevel",Validation Rule,"","CK_Product_SafetyStockLevel","[SafetyStockLevel]>(0)","","","","CK_Product_SafetyStockLevel","","CK_Product_SafetyStockLevel","CK_Product_SafetyStockLevel","Production","false","","User-Defined","","","","","","","CK_Product_SafetyStockLevel"
"1075839020::1130","CK_Product_ReorderPoint",Validation Rule,"","CK_Product_ReorderPoint","[ReorderPoint]>(0)","","","","CK_Product_ReorderPoint","","CK_Product_ReorderPoint","CK_Product_ReorderPoint","Production","false","","User-Defined","","","","","","","CK_Product_ReorderPoint"
"1075839020::1132","CK_Product_StandardCost",Validation Rule,"","CK_Product_StandardCost"," >= 0.00","","","","CK_Product_StandardCost","","CK_Product_StandardCost","CK_Product_StandardCost","Production","false","","MinMax","0.00","","","No","false","","CK_Product_StandardCost"
"1075839020::1134","CK_Product_ListPrice",Validation Rule,"","CK_Product_ListPrice"," >= 0.00","","","","CK_Product_ListPrice","","CK_Product_ListPrice","CK_Product_ListPrice","Production","false","","MinMax","0.00","","","No","false","","CK_Product_ListPrice"
"1075839020::1136","CK_Product_Weight",Validation Rule,"","CK_Product_Weight","[Weight]>(0.00)","","","","CK_Product_Weight","","CK_Product_Weight","CK_Product_Weight","Production","false","","User-Defined","","","","","","","CK_Product_Weight"
"1075839020::1138","CK_Product_DaysToManufacture",Validation Rule,"","CK_Product_DaysToManufacture"," >= 0","","","","CK_Product_DaysToManufacture","","CK_Product_DaysToManufacture","CK_Product_DaysToManufacture","Production","false","","MinMax","0","","","No","false","","CK_Product_DaysToManufacture"
"1075839020::1140","CK_Product_ProductLine",Validation Rule,"","CK_Product_ProductLine","upper([ProductLine])='R' OR upper([ProductLine])='M' OR upper([ProductLine])='T' OR upper([ProductLine])='S' OR [ProductLine] IS NULL","","","","CK_Product_ProductLine","","CK_Product_ProductLine","CK_Product_ProductLine","Production","false","","User-Defined","","","","","","","CK_Product_ProductLine"
"1075839020::1142","CK_Product_Class",Validation Rule,"","CK_Product_Class","upper([Class])='H' OR upper([Class])='M' OR upper([Class])='L' OR [Class] IS NULL","","","","CK_Product_Class","","CK_Product_Class","CK_Product_Class","Production","false","","User-Defined","","","","","","","CK_Product_Class"
"1075839020::1144","CK_Product_Style",Validation Rule,"","CK_Product_Style","upper([Style])='U' OR upper([Style])='M' OR upper([Style])='W' OR [Style] IS NULL","","","","CK_Product_Style","","CK_Product_Style","CK_Product_Style","Production","false","","User-Defined","","","","","","","CK_Product_Style"
"1075839020::1162","CK_Product_SellEndDate",Validation Rule,"","CK_Product_SellEndDate","[SellEndDate]>=[SellStartDate] OR [SellEndDate] IS NULL","","","","CK_Product_SellEndDate","","CK_Product_SellEndDate","CK_Product_SellEndDate","Production","false","","User-Defined","","","","","","","CK_Product_SellEndDate"
"1075839020::1186","CK_ProductCostHistory_StandardCost",Validation Rule,"","CK_ProductCostHistory_StandardCost"," >= 0.00","","","","CK_ProductCostHistory_StandardCost","","CK_ProductCostHistory_StandardCost","CK_ProductCostHistory_StandardCost","Production","false","","MinMax","0.00","","","No","false","","CK_ProductCostHistory_StandardCost"
"1075839020::1194","CK_ProductCostHistory_EndDate",Validation Rule,"","CK_ProductCostHistory_EndDate","[EndDate]>=[StartDate] OR [EndDate] IS NULL","","","","CK_ProductCostHistory_EndDate","","CK_ProductCostHistory_EndDate","CK_ProductCostHistory_EndDate","Production","false","","User-Defined","","","","","","","CK_ProductCostHistory_EndDate"
"1075839020::1226","CK_ProductInventory_Shelf",Validation Rule,"","CK_ProductInventory_Shelf","[Shelf] like '[A-Za-z]' OR [Shelf]='N/A'","","","","CK_ProductInventory_Shelf","","CK_ProductInventory_Shelf","CK_ProductInventory_Shelf","Production","false","","User-Defined","","","","","","","CK_ProductInventory_Shelf"
"1075839020::1228","CK_ProductInventory_Bin",Validation Rule,"","CK_ProductInventory_Bin"," BETWEEN 0 AND 100","","","","CK_ProductInventory_Bin","","CK_ProductInventory_Bin","CK_ProductInventory_Bin","Production","false","","MinMax","0","100","","No","false","","CK_ProductInventory_Bin"
"1075839020::1245","CK_ProductListPriceHistory_ListPrice",Validation Rule,"","CK_ProductListPriceHistory_ListPrice","[ListPrice]>(0.00)","","","","CK_ProductListPriceHistory_ListPrice","","CK_ProductListPriceHistory_ListPrice","CK_ProductListPriceHistory_ListPrice","Production","false","","User-Defined","","","","","","","CK_ProductListPriceHistory_ListPrice"
"1075839020::1253","CK_ProductListPriceHistory_EndDate",Validation Rule,"","CK_ProductListPriceHistory_EndDate","[EndDate]>=[StartDate] OR [EndDate] IS NULL","","","","CK_ProductListPriceHistory_EndDate","","CK_ProductListPriceHistory_EndDate","CK_ProductListPriceHistory_EndDate","Production","false","","User-Defined","","","","","","","CK_ProductListPriceHistory_EndDate"
"1075839020::1329","CK_ProductReview_Rating",Validation Rule,"","CK_ProductReview_Rating"," BETWEEN 1 AND 5","","","","CK_ProductReview_Rating","","CK_ProductReview_Rating","CK_ProductReview_Rating","Production","false","","MinMax","1","5","","No","false","","CK_ProductReview_Rating"
"1075839020::1384","CK_TransactionHistory_TransactionType",Validation Rule,"","CK_TransactionHistory_TransactionType","[]='P' OR []='S' OR []='W'","","","","CK_TransactionHistory_TransactionType","","CK_TransactionHistory_TransactionType","CK_TransactionHistory_TransactionType","Production","false","","Valid Values","","","","Yes","","","CK_TransactionHistory_TransactionType"
"1075839020::1411","CK_TransactionHistoryArchive_TransactionType",Validation Rule,"","CK_TransactionHistoryArchive_TransactionType","[]='P' OR []='S' OR []='W'","","","","CK_TransactionHistoryArchive_TransactionType","","CK_TransactionHistoryArchive_TransactionType","CK_TransactionHistoryArchive_TransactionType","Production","false","","Valid Values","","","","Yes","","","CK_TransactionHistoryArchive_TransactionType"
"1075839020::1446","CK_WorkOrder_OrderQty",Validation Rule,"","CK_WorkOrder_OrderQty","[OrderQty]>(0)","","","","CK_WorkOrder_OrderQty","","CK_WorkOrder_OrderQty","CK_WorkOrder_OrderQty","Production","false","","User-Defined","","","","","","","CK_WorkOrder_OrderQty"
"1075839020::1448","CK_WorkOrder_ScrappedQty",Validation Rule,"","CK_WorkOrder_ScrappedQty"," >= 0","","","","CK_WorkOrder_ScrappedQty","","CK_WorkOrder_ScrappedQty","CK_WorkOrder_ScrappedQty","Production","false","","MinMax","0","","","No","false","","CK_WorkOrder_ScrappedQty"
"1075839020::1461","CK_WorkOrder_EndDate",Validation Rule,"","CK_WorkOrder_EndDate","[EndDate]>=[StartDate] OR [EndDate] IS NULL","","","","CK_WorkOrder_EndDate","","CK_WorkOrder_EndDate","CK_WorkOrder_EndDate","Production","false","","User-Defined","","","","","","","CK_WorkOrder_EndDate"
"1075839020::1477","CK_WorkOrderRouting_ActualResourceHrs",Validation Rule,"","CK_WorkOrderRouting_ActualResourceHrs"," >= 0.0000","","","","CK_WorkOrderRouting_ActualResourceHrs","","CK_WorkOrderRouting_ActualResourceHrs","CK_WorkOrderRouting_ActualResourceHrs","Production","false","","MinMax","0.0000","","","No","false","","CK_WorkOrderRouting_ActualResourceHrs"
"1075839020::1479","CK_WorkOrderRouting_PlannedCost",Validation Rule,"","CK_WorkOrderRouting_PlannedCost","[PlannedCost]>(0.00)","","","","CK_WorkOrderRouting_PlannedCost","","CK_WorkOrderRouting_PlannedCost","CK_WorkOrderRouting_PlannedCost","Production","false","","User-Defined","","","","","","","CK_WorkOrderRouting_PlannedCost"
"1075839020::1481","CK_WorkOrderRouting_ActualCost",Validation Rule,"","CK_WorkOrderRouting_ActualCost","[ActualCost]>(0.00)","","","","CK_WorkOrderRouting_ActualCost","","CK_WorkOrderRouting_ActualCost","CK_WorkOrderRouting_ActualCost","Production","false","","User-Defined","","","","","","","CK_WorkOrderRouting_ActualCost"
"1075839020::1493","CK_WorkOrderRouting_ScheduledEndDate",Validation Rule,"","CK_WorkOrderRouting_ScheduledEndDate","[ScheduledEndDate]>=[ScheduledStartDate]","","","","CK_WorkOrderRouting_ScheduledEndDate","","CK_WorkOrderRouting_ScheduledEndDate","CK_WorkOrderRouting_ScheduledEndDate","Production","false","","User-Defined","","","","","","","CK_WorkOrderRouting_ScheduledEndDate"
"1075839020::1495","CK_WorkOrderRouting_ActualEndDate",Validation Rule,"","CK_WorkOrderRouting_ActualEndDate","[ActualEndDate]>=[ActualStartDate] OR [ActualEndDate] IS NULL OR [ActualStartDate] IS NULL","","","","CK_WorkOrderRouting_ActualEndDate","","CK_WorkOrderRouting_ActualEndDate","CK_WorkOrderRouting_ActualEndDate","Production","false","","User-Defined","","","","","","","CK_WorkOrderRouting_ActualEndDate"
"1075839020::1508","CK_ProductVendor_AverageLeadTime",Validation Rule,"","CK_ProductVendor_AverageLeadTime"," >= 1","","","","CK_ProductVendor_AverageLeadTime","","CK_ProductVendor_AverageLeadTime","CK_ProductVendor_AverageLeadTime","Purchasing","false","","MinMax","1","","","No","false","","CK_ProductVendor_AverageLeadTime"
"1075839020::1510","CK_ProductVendor_StandardPrice",Validation Rule,"","CK_ProductVendor_StandardPrice","[StandardPrice]>(0.00)","","","","CK_ProductVendor_StandardPrice","","CK_ProductVendor_StandardPrice","CK_ProductVendor_StandardPrice","Purchasing","false","","User-Defined","","","","","","","CK_ProductVendor_StandardPrice"
"1075839020::1512","CK_ProductVendor_LastReceiptCost",Validation Rule,"","CK_ProductVendor_LastReceiptCost","[LastReceiptCost]>(0.00)","","","","CK_ProductVendor_LastReceiptCost","","CK_ProductVendor_LastReceiptCost","CK_ProductVendor_LastReceiptCost","Purchasing","false","","User-Defined","","","","","","","CK_ProductVendor_LastReceiptCost"
"1075839020::1514","CK_ProductVendor_MinOrderQty",Validation Rule,"","CK_ProductVendor_MinOrderQty"," >= 1","","","","CK_ProductVendor_MinOrderQty","","CK_ProductVendor_MinOrderQty","CK_ProductVendor_MinOrderQty","Purchasing","false","","MinMax","1","","","No","false","","CK_ProductVendor_MinOrderQty"
"1075839020::1516","CK_ProductVendor_MaxOrderQty",Validation Rule,"","CK_ProductVendor_MaxOrderQty"," >= 1","","","","CK_ProductVendor_MaxOrderQty","","CK_ProductVendor_MaxOrderQty","CK_ProductVendor_MaxOrderQty","Purchasing","false","","MinMax","1","","","No","false","","CK_ProductVendor_MaxOrderQty"
"1075839020::1518","CK_ProductVendor_OnOrderQty",Validation Rule,"","CK_ProductVendor_OnOrderQty"," >= 0","","","","CK_ProductVendor_OnOrderQty","","CK_ProductVendor_OnOrderQty","CK_ProductVendor_OnOrderQty","Purchasing","false","","MinMax","0","","","No","false","","CK_ProductVendor_OnOrderQty"
"1075839020::1543","CK_PurchaseOrderDetail_OrderQty",Validation Rule,"","CK_PurchaseOrderDetail_OrderQty","[OrderQty]>(0)","","","","CK_PurchaseOrderDetail_OrderQty","","CK_PurchaseOrderDetail_OrderQty","CK_PurchaseOrderDetail_OrderQty","Purchasing","false","","User-Defined","","","","","","","CK_PurchaseOrderDetail_OrderQty"
"1075839020::1545","CK_PurchaseOrderDetail_UnitPrice",Validation Rule,"","CK_PurchaseOrderDetail_UnitPrice"," >= 0.00","","","","CK_PurchaseOrderDetail_UnitPrice","","CK_PurchaseOrderDetail_UnitPrice","CK_PurchaseOrderDetail_UnitPrice","Purchasing","false","","MinMax","0.00","","","No","false","","CK_PurchaseOrderDetail_UnitPrice"
"1075839020::1547","CK_PurchaseOrderDetail_ReceivedQty",Validation Rule,"","CK_PurchaseOrderDetail_ReceivedQty"," >= 0.00","","","","CK_PurchaseOrderDetail_ReceivedQty","","CK_PurchaseOrderDetail_ReceivedQty","CK_PurchaseOrderDetail_ReceivedQty","Purchasing","false","","MinMax","0.00","","","No","false","","CK_PurchaseOrderDetail_ReceivedQty"
"1075839020::1549","CK_PurchaseOrderDetail_RejectedQty",Validation Rule,"","CK_PurchaseOrderDetail_RejectedQty"," >= 0.00","","","","CK_PurchaseOrderDetail_RejectedQty","","CK_PurchaseOrderDetail_RejectedQty","CK_PurchaseOrderDetail_RejectedQty","Purchasing","false","","MinMax","0.00","","","No","false","","CK_PurchaseOrderDetail_RejectedQty"
"1075839020::1577","CK_PurchaseOrderHeader_Status",Validation Rule,"","CK_PurchaseOrderHeader_Status"," BETWEEN 1 AND 4","","","","CK_PurchaseOrderHeader_Status","","CK_PurchaseOrderHeader_Status","CK_PurchaseOrderHeader_Status","Purchasing","false","","MinMax","1","4","","No","false","","CK_PurchaseOrderHeader_Status"
"1075839020::1583","CK_PurchaseOrderHeader_SubTotal",Validation Rule,"","CK_PurchaseOrderHeader_SubTotal"," >= 0.00","","","","CK_PurchaseOrderHeader_SubTotal","","CK_PurchaseOrderHeader_SubTotal","CK_PurchaseOrderHeader_SubTotal","Purchasing","false","","MinMax","0.00","","","No","false","","CK_PurchaseOrderHeader_SubTotal"
"1075839020::1587","CK_PurchaseOrderHeader_TaxAmt",Validation Rule,"","CK_PurchaseOrderHeader_TaxAmt"," >= 0.00","","","","CK_PurchaseOrderHeader_TaxAmt","","CK_PurchaseOrderHeader_TaxAmt","CK_PurchaseOrderHeader_TaxAmt","Purchasing","false","","MinMax","0.00","","","No","false","","CK_PurchaseOrderHeader_TaxAmt"
"1075839020::1591","CK_PurchaseOrderHeader_Freight",Validation Rule,"","CK_PurchaseOrderHeader_Freight"," >= 0.00","","","","CK_PurchaseOrderHeader_Freight","","CK_PurchaseOrderHeader_Freight","CK_PurchaseOrderHeader_Freight","Purchasing","false","","MinMax","0.00","","","No","false","","CK_PurchaseOrderHeader_Freight"
"1075839020::1606","CK_PurchaseOrderHeader_ShipDate",Validation Rule,"","CK_PurchaseOrderHeader_ShipDate","[ShipDate]>=[OrderDate] OR [ShipDate] IS NULL","","","","CK_PurchaseOrderHeader_ShipDate","","CK_PurchaseOrderHeader_ShipDate","CK_PurchaseOrderHeader_ShipDate","Purchasing","false","","User-Defined","","","","","","","CK_PurchaseOrderHeader_ShipDate"
"1075839020::1615","CK_ShipMethod_ShipBase",Validation Rule,"","CK_ShipMethod_ShipBase","[ShipBase]>(0.00)","","","","CK_ShipMethod_ShipBase","","CK_ShipMethod_ShipBase","CK_ShipMethod_ShipBase","Purchasing","false","","User-Defined","","","","","","","CK_ShipMethod_ShipBase"
"1075839020::1619","CK_ShipMethod_ShipRate",Validation Rule,"","CK_ShipMethod_ShipRate","[ShipRate]>(0.00)","","","","CK_ShipMethod_ShipRate","","CK_ShipMethod_ShipRate","CK_ShipMethod_ShipRate","Purchasing","false","","User-Defined","","","","","","","CK_ShipMethod_ShipRate"
"1075839020::1644","CK_Vendor_CreditRating",Validation Rule,"","CK_Vendor_CreditRating"," BETWEEN 1 AND 5","","","","CK_Vendor_CreditRating","","CK_Vendor_CreditRating","CK_Vendor_CreditRating","Purchasing","false","","MinMax","1","5","","No","false","","CK_Vendor_CreditRating"
"1075839020::1756","CK_SalesOrderDetail_OrderQty",Validation Rule,"","CK_SalesOrderDetail_OrderQty","[OrderQty]>(0)","","","","CK_SalesOrderDetail_OrderQty","","CK_SalesOrderDetail_OrderQty","CK_SalesOrderDetail_OrderQty","Sales","false","","User-Defined","","","","","","","CK_SalesOrderDetail_OrderQty"
"1075839020::1758","CK_SalesOrderDetail_UnitPrice",Validation Rule,"","CK_SalesOrderDetail_UnitPrice"," >= 0.00","","","","CK_SalesOrderDetail_UnitPrice","","CK_SalesOrderDetail_UnitPrice","CK_SalesOrderDetail_UnitPrice","Sales","false","","MinMax","0.00","","","No","false","","CK_SalesOrderDetail_UnitPrice"
"1075839020::1760","CK_SalesOrderDetail_UnitPriceDiscount",Validation Rule,"","CK_SalesOrderDetail_UnitPriceDiscount"," >= 0.00","","","","CK_SalesOrderDetail_UnitPriceDiscount","","CK_SalesOrderDetail_UnitPriceDiscount","CK_SalesOrderDetail_UnitPriceDiscount","Sales","false","","MinMax","0.00","","","No","false","","CK_SalesOrderDetail_UnitPriceDiscount"
"1075839020::1809","CK_SalesOrderHeader_Status",Validation Rule,"","CK_SalesOrderHeader_Status"," BETWEEN 0 AND 8","","","","CK_SalesOrderHeader_Status","","CK_SalesOrderHeader_Status","CK_SalesOrderHeader_Status","Sales","false","","MinMax","0","8","","No","false","","CK_SalesOrderHeader_Status"
"1075839020::1815","CK_SalesOrderHeader_SubTotal",Validation Rule,"","CK_SalesOrderHeader_SubTotal"," >= 0.00","","","","CK_SalesOrderHeader_SubTotal","","CK_SalesOrderHeader_SubTotal","CK_SalesOrderHeader_SubTotal","Sales","false","","MinMax","0.00","","","No","false","","CK_SalesOrderHeader_SubTotal"
"1075839020::1819","CK_SalesOrderHeader_TaxAmt",Validation Rule,"","CK_SalesOrderHeader_TaxAmt"," >= 0.00","","","","CK_SalesOrderHeader_TaxAmt","","CK_SalesOrderHeader_TaxAmt","CK_SalesOrderHeader_TaxAmt","Sales","false","","MinMax","0.00","","","No","false","","CK_SalesOrderHeader_TaxAmt"
"1075839020::1823","CK_SalesOrderHeader_Freight",Validation Rule,"","CK_SalesOrderHeader_Freight"," >= 0.00","","","","CK_SalesOrderHeader_Freight","","CK_SalesOrderHeader_Freight","CK_SalesOrderHeader_Freight","Sales","false","","MinMax","0.00","","","No","false","","CK_SalesOrderHeader_Freight"
"1075839020::1846","CK_SalesOrderHeader_DueDate",Validation Rule,"","CK_SalesOrderHeader_DueDate","[DueDate]>=[OrderDate]","","","","CK_SalesOrderHeader_DueDate","","CK_SalesOrderHeader_DueDate","CK_SalesOrderHeader_DueDate","Sales","false","","User-Defined","","","","","","","CK_SalesOrderHeader_DueDate"
"1075839020::1848","CK_SalesOrderHeader_ShipDate",Validation Rule,"","CK_SalesOrderHeader_ShipDate","[ShipDate]>=[OrderDate] OR [ShipDate] IS NULL","","","","CK_SalesOrderHeader_ShipDate","","CK_SalesOrderHeader_ShipDate","CK_SalesOrderHeader_ShipDate","Sales","false","","User-Defined","","","","","","","CK_SalesOrderHeader_ShipDate"
"1075839020::1869","CK_SalesPerson_SalesQuota",Validation Rule,"","CK_SalesPerson_SalesQuota","[SalesQuota]>(0.00)","","","","CK_SalesPerson_SalesQuota","","CK_SalesPerson_SalesQuota","CK_SalesPerson_SalesQuota","Sales","false","","User-Defined","","","","","","","CK_SalesPerson_SalesQuota"
"1075839020::1871","CK_SalesPerson_Bonus",Validation Rule,"","CK_SalesPerson_Bonus"," >= 0.00","","","","CK_SalesPerson_Bonus","","CK_SalesPerson_Bonus","CK_SalesPerson_Bonus","Sales","false","","MinMax","0.00","","","No","false","","CK_SalesPerson_Bonus"
"1075839020::1875","CK_SalesPerson_CommissionPct",Validation Rule,"","CK_SalesPerson_CommissionPct"," >= 0.00","","","","CK_SalesPerson_CommissionPct","","CK_SalesPerson_CommissionPct","CK_SalesPerson_CommissionPct","Sales","false","","MinMax","0.00","","","No","false","","CK_SalesPerson_CommissionPct"
"1075839020::1879","CK_SalesPerson_SalesYTD",Validation Rule,"","CK_SalesPerson_SalesYTD"," >= 0.00","","","","CK_SalesPerson_SalesYTD","","CK_SalesPerson_SalesYTD","CK_SalesPerson_SalesYTD","Sales","false","","MinMax","0.00","","","No","false","","CK_SalesPerson_SalesYTD"
"1075839020::1883","CK_SalesPerson_SalesLastYear",Validation Rule,"","CK_SalesPerson_SalesLastYear"," >= 0.00","","","","CK_SalesPerson_SalesLastYear","","CK_SalesPerson_SalesLastYear","CK_SalesPerson_SalesLastYear","Sales","false","","MinMax","0.00","","","No","false","","CK_SalesPerson_SalesLastYear"
"1075839020::1902","CK_SalesPersonQuotaHistory_SalesQuota",Validation Rule,"","CK_SalesPersonQuotaHistory_SalesQuota","[SalesQuota]>(0.00)","","","","CK_SalesPersonQuotaHistory_SalesQuota","","CK_SalesPersonQuotaHistory_SalesQuota","CK_SalesPersonQuotaHistory_SalesQuota","Sales","false","","User-Defined","","","","","","","CK_SalesPersonQuotaHistory_SalesQuota"
"1075839020::1931","CK_SalesTaxRate_TaxType",Validation Rule,"","CK_SalesTaxRate_TaxType"," BETWEEN 1 AND 3","","","","CK_SalesTaxRate_TaxType","","CK_SalesTaxRate_TaxType","CK_SalesTaxRate_TaxType","Sales","false","","MinMax","1","3","","No","false","","CK_SalesTaxRate_TaxType"
"1075839020::1959","CK_SalesTerritory_SalesYTD",Validation Rule,"","CK_SalesTerritory_SalesYTD"," >= 0.00","","","","CK_SalesTerritory_SalesYTD","","CK_SalesTerritory_SalesYTD","CK_SalesTerritory_SalesYTD","Sales","false","","MinMax","0.00","","","No","false","","CK_SalesTerritory_SalesYTD"
"1075839020::1963","CK_SalesTerritory_SalesLastYear",Validation Rule,"","CK_SalesTerritory_SalesLastYear"," >= 0.00","","","","CK_SalesTerritory_SalesLastYear","","CK_SalesTerritory_SalesLastYear","CK_SalesTerritory_SalesLastYear","Sales","false","","MinMax","0.00","","","No","false","","CK_SalesTerritory_SalesLastYear"
"1075839020::1967","CK_SalesTerritory_CostYTD",Validation Rule,"","CK_SalesTerritory_CostYTD"," >= 0.00","","","","CK_SalesTerritory_CostYTD","","CK_SalesTerritory_CostYTD","CK_SalesTerritory_CostYTD","Sales","false","","MinMax","0.00","","","No","false","","CK_SalesTerritory_CostYTD"
"1075839020::1971","CK_SalesTerritory_CostLastYear",Validation Rule,"","CK_SalesTerritory_CostLastYear"," >= 0.00","","","","CK_SalesTerritory_CostLastYear","","CK_SalesTerritory_CostLastYear","CK_SalesTerritory_CostLastYear","Sales","false","","MinMax","0.00","","","No","false","","CK_SalesTerritory_CostLastYear"
"1075839020::2006","CK_SalesTerritoryHistory_EndDate",Validation Rule,"","CK_SalesTerritoryHistory_EndDate","[EndDate]>=[StartDate] OR [EndDate] IS NULL","","","","CK_SalesTerritoryHistory_EndDate","","CK_SalesTerritoryHistory_EndDate","CK_SalesTerritoryHistory_EndDate","Sales","false","","User-Defined","","","","","","","CK_SalesTerritoryHistory_EndDate"
"1075839020::2014","CK_ShoppingCartItem_Quantity",Validation Rule,"","CK_ShoppingCartItem_Quantity"," >= 1","","","","CK_ShoppingCartItem_Quantity","","CK_ShoppingCartItem_Quantity","CK_ShoppingCartItem_Quantity","Sales","false","","MinMax","1","","","No","false","","CK_ShoppingCartItem_Quantity"
"1075839020::2040","CK_SpecialOffer_DiscountPct",Validation Rule,"","CK_SpecialOffer_DiscountPct"," >= 0.00","","","","CK_SpecialOffer_DiscountPct","","CK_SpecialOffer_DiscountPct","CK_SpecialOffer_DiscountPct","Sales","false","","MinMax","0.00","","","No","false","","CK_SpecialOffer_DiscountPct"
"1075839020::2044","CK_SpecialOffer_MinQty",Validation Rule,"","CK_SpecialOffer_MinQty"," >= 0","","","","CK_SpecialOffer_MinQty","","CK_SpecialOffer_MinQty","CK_SpecialOffer_MinQty","Sales","false","","MinMax","0","","","No","false","","CK_SpecialOffer_MinQty"
"1075839020::2048","CK_SpecialOffer_MaxQty",Validation Rule,"","CK_SpecialOffer_MaxQty"," >= 0","","","","CK_SpecialOffer_MaxQty","","CK_SpecialOffer_MaxQty","CK_SpecialOffer_MaxQty","Sales","false","","MinMax","0","","","No","false","","CK_SpecialOffer_MaxQty"
"1075839020::2060","CK_SpecialOffer_EndDate",Validation Rule,"","CK_SpecialOffer_EndDate","[EndDate]>=[StartDate]","","","","CK_SpecialOffer_EndDate","","CK_SpecialOffer_EndDate","CK_SpecialOffer_EndDate","Sales","false","","User-Defined","","","","","","","CK_SpecialOffer_EndDate"
